request_order,request_id,checkpoint,task,source_run,source_step,observation_id,history_steps,prompt,prompt_sha256,fact_inventory_sha256,schema_sha256,images,image_sha256,input_bytes,condition,effective_condition,t1_roundtrip,budget_bytes,t1_history_bytes,actual_history_bytes,fallback_reason,selected_complete_steps,retained_facts,total_facts,projection_latency_s,budget_unit,t2_t3_within_5_percent_bytes
1,A06-T0,A06,把网球放到透明盒子里,left-measured-H5D1-20261007T071622Z-f1df44cd,6,left-abdc63ab0995406ea2fe654c16a715cd,1;2;3;4;5,/Users/tangchao/Desktop/资料/P7/astra-e3-history-screen-20261007/astra_realman_harness/logs/e3-screen-32-20261007/A06-T0/prompt.txt,ae16af3d14abccbb474b87ec85e9c48be84ce406ece428964e95e9d771ba096b,03c095c9dec141790ad383c2432277aa275763a8ff50a4e424450b9304e63eb6,b1473cfbe9472c9bb89b2f1e01b418143c497d52562f78b6db865501b8181c09,/Users/tangchao/Desktop/资料/P7/astra-e3-history-screen-20261007/astra_realman_harness/logs/e3-source-20261007/images/c14019c95d176f1dbb1eded3d1edc1952a42873a4d81bd014a5fa9e9d2786d43.png;/Users/tangchao/Desktop/资料/P7/astra-e3-history-screen-20261007/astra_realman_harness/logs/e3-source-20261007/images/9550b7f48f3ddab561fdd5b843c3e32d669df3bc8cbf732b183b58838a85ecd1.png;/Users/tangchao/Desktop/资料/P7/astra-e3-history-screen-20261007/astra_realman_harness/logs/e3-source-20261007/images/4f628c2edc48da1a4d4124914df52d9d18f9fcaae58c991c892ba84e23b7490d.png,c14019c95d176f1dbb1eded3d1edc1952a42873a4d81bd014a5fa9e9d2786d43;9550b7f48f3ddab561fdd5b843c3e32d669df3bc8cbf732b183b58838a85ecd1;4f628c2edc48da1a4d4124914df52d9d18f9fcaae58c991c892ba84e23b7490d,75544,T0,T0,True,,39061,69043,,"[1, 2, 3, 4, 5]",3727,3727,0.017076167045161128,UTF-8 bytes including codec guide/dictionary; NOT tokens,True
2,A06-T1,A06,把网球放到透明盒子里,left-measured-H5D1-20261007T071622Z-f1df44cd,6,left-abdc63ab0995406ea2fe654c16a715cd,1;2;3;4;5,/Users/tangchao/Desktop/资料/P7/astra-e3-history-screen-20261007/astra_realman_harness/logs/e3-screen-32-20261007/A06-T1/prompt.txt,015f912ae84610d33f3654a44a4ec64aa4c83dad245d24b3dbdf6374b6a60291,03c095c9dec141790ad383c2432277aa275763a8ff50a4e424450b9304e63eb6,b1473cfbe9472c9bb89b2f1e01b418143c497d52562f78b6db865501b8181c09,/Users/tangchao/Desktop/资料/P7/astra-e3-history-screen-20261007/astra_realman_harness/logs/e3-source-20261007/images/c14019c95d176f1dbb1eded3d1edc1952a42873a4d81bd014a5fa9e9d2786d43.png;/Users/tangchao/Desktop/资料/P7/astra-e3-history-screen-20261007/astra_realman_harness/logs/e3-source-20261007/images/9550b7f48f3ddab561fdd5b843c3e32d669df3bc8cbf732b183b58838a85ecd1.png;/Users/tangchao/Desktop/资料/P7/astra-e3-history-screen-20261007/astra_realman_harness/logs/e3-source-20261007/images/4f628c2edc48da1a4d4124914df52d9d18f9fcaae58c991c892ba84e23b7490d.png,c14019c95d176f1dbb1eded3d1edc1952a42873a4d81bd014a5fa9e9d2786d43;9550b7f48f3ddab561fdd5b843c3e32d669df3bc8cbf732b183b58838a85ecd1;4f628c2edc48da1a4d4124914df52d9d18f9fcaae58c991c892ba84e23b7490d,45562,T1,T1,True,,39061,39061,,"[1, 2, 3, 4, 5]",3727,3727,0.01607941696420312,UTF-8 bytes including codec guide/dictionary; NOT tokens,True
3,A06-T2,A06,把网球放到透明盒子里,left-measured-H5D1-20261007T071622Z-f1df44cd,6,left-abdc63ab0995406ea2fe654c16a715cd,1;2;3;4;5,/Users/tangchao/Desktop/资料/P7/astra-e3-history-screen-20261007/astra_realman_harness/logs/e3-screen-32-20261007/A06-T2/prompt.txt,00b163f0586013b494e688b3c6017677515ce455998954469b78f2e3b39053d5,16a8b6933d72c3de97f87d87d4677e0e4e8e5e872fe7e9888ae342aa030b8420,b1473cfbe9472c9bb89b2f1e01b418143c497d52562f78b6db865501b8181c09,/Users/tangchao/Desktop/资料/P7/astra-e3-history-screen-20261007/astra_realman_harness/logs/e3-source-20261007/images/c14019c95d176f1dbb1eded3d1edc1952a42873a4d81bd014a5fa9e9d2786d43.png;/Users/tangchao/Desktop/资料/P7/astra-e3-history-screen-20261007/astra_realman_harness/logs/e3-source-20261007/images/9550b7f48f3ddab561fdd5b843c3e32d669df3bc8cbf732b183b58838a85ecd1.png;/Users/tangchao/Desktop/资料/P7/astra-e3-history-screen-20261007/astra_realman_harness/logs/e3-source-20261007/images/4f628c2edc48da1a4d4124914df52d9d18f9fcaae58c991c892ba84e23b7490d.png,c14019c95d176f1dbb1eded3d1edc1952a42873a4d81bd014a5fa9e9d2786d43;9550b7f48f3ddab561fdd5b843c3e32d669df3bc8cbf732b183b58838a85ecd1;4f628c2edc48da1a4d4124914df52d9d18f9fcaae58c991c892ba84e23b7490d,20392,T2,T2,True,19530,39061,13891,,[5],788,3727,0.016847708029672503,UTF-8 bytes including codec guide/dictionary; NOT tokens,True
4,A06-T3,A06,把网球放到透明盒子里,left-measured-H5D1-20261007T071622Z-f1df44cd,6,left-abdc63ab0995406ea2fe654c16a715cd,1;2;3;4;5,/Users/tangchao/Desktop/资料/P7/astra-e3-history-screen-20261007/astra_realman_harness/logs/e3-screen-32-20261007/A06-T3/prompt.txt,00b163f0586013b494e688b3c6017677515ce455998954469b78f2e3b39053d5,16a8b6933d72c3de97f87d87d4677e0e4e8e5e872fe7e9888ae342aa030b8420,b1473cfbe9472c9bb89b2f1e01b418143c497d52562f78b6db865501b8181c09,/Users/tangchao/Desktop/资料/P7/astra-e3-history-screen-20261007/astra_realman_harness/logs/e3-source-20261007/images/c14019c95d176f1dbb1eded3d1edc1952a42873a4d81bd014a5fa9e9d2786d43.png;/Users/tangchao/Desktop/资料/P7/astra-e3-history-screen-20261007/astra_realman_harness/logs/e3-source-20261007/images/9550b7f48f3ddab561fdd5b843c3e32d669df3bc8cbf732b183b58838a85ecd1.png;/Users/tangchao/Desktop/资料/P7/astra-e3-history-screen-20261007/astra_realman_harness/logs/e3-source-20261007/images/4f628c2edc48da1a4d4124914df52d9d18f9fcaae58c991c892ba84e23b7490d.png,c14019c95d176f1dbb1eded3d1edc1952a42873a4d81bd014a5fa9e9d2786d43;9550b7f48f3ddab561fdd5b843c3e32d669df3bc8cbf732b183b58838a85ecd1;4f628c2edc48da1a4d4124914df52d9d18f9fcaae58c991c892ba84e23b7490d,20392,T3,T3,True,19530,39061,13891,,[5],788,3727,0.027801666874438524,UTF-8 bytes including codec guide/dictionary; NOT tokens,True
5,A12-T1,A12,把网球放到透明盒子里,left-measured-H5D1-20261007T071622Z-f1df44cd,12,left-4e2a46e939f54b8fbb71d555c119477c,7;8;9;10;11,/Users/tangchao/Desktop/资料/P7/astra-e3-history-screen-20261007/astra_realman_harness/logs/e3-screen-32-20261007/A12-T1/prompt.txt,ef4c0d214536ec02126eb76e0f6b83ee07f44f51014b0daf6875c00af65c82f0,28f84bec26e61491e78bfea99d5c033107e913bcf52ca0c506c0fd98d5b5fdbe,b1473cfbe9472c9bb89b2f1e01b418143c497d52562f78b6db865501b8181c09,/Users/tangchao/Desktop/资料/P7/astra-e3-history-screen-20261007/astra_realman_harness/logs/e3-source-20261007/images/fc8f93e48adea55c7b5b8dbb612bc2be6f62af48532616733f48b910fa94c840.png;/Users/tangchao/Desktop/资料/P7/astra-e3-history-screen-20261007/astra_realman_harness/logs/e3-source-20261007/images/04723b2e1071902896dcef5ecfe6d7351dcaac2bc00d887340670dbe4b00b7bb.png;/Users/tangchao/Desktop/资料/P7/astra-e3-history-screen-20261007/astra_realman_harness/logs/e3-source-20261007/images/0015ab592a007671213fbce41a1683f1a531ad6c28c280051ec68509e7876a4f.png,fc8f93e48adea55c7b5b8dbb612bc2be6f62af48532616733f48b910fa94c840;04723b2e1071902896dcef5ecfe6d7351dcaac2bc00d887340670dbe4b00b7bb;0015ab592a007671213fbce41a1683f1a531ad6c28c280051ec68509e7876a4f,44745,T1,T1,True,,38238,38238,,"[7, 8, 9, 10, 11]",3740,3740,0.01592837506905198,UTF-8 bytes including codec guide/dictionary; NOT tokens,True
6,A12-T2,A12,把网球放到透明盒子里,left-measured-H5D1-20261007T071622Z-f1df44cd,12,left-4e2a46e939f54b8fbb71d555c119477c,7;8;9;10;11,/Users/tangchao/Desktop/资料/P7/astra-e3-history-screen-20261007/astra_realman_harness/logs/e3-screen-32-20261007/A12-T2/prompt.txt,2fe9011f5bcc14a94a92ab79060f5fa39c7e84a8a48ba1065555eb17318e36c7,5c1fe015fe29363d77d29ad9411022ffc8ecedf0f4dce957e643e06a0756509f,b1473cfbe9472c9bb89b2f1e01b418143c497d52562f78b6db865501b8181c09,/Users/tangchao/Desktop/资料/P7/astra-e3-history-screen-20261007/astra_realman_harness/logs/e3-source-20261007/images/fc8f93e48adea55c7b5b8dbb612bc2be6f62af48532616733f48b910fa94c840.png;/Users/tangchao/Desktop/资料/P7/astra-e3-history-screen-20261007/astra_realman_harness/logs/e3-source-20261007/images/04723b2e1071902896dcef5ecfe6d7351dcaac2bc00d887340670dbe4b00b7bb.png;/Users/tangchao/Desktop/资料/P7/astra-e3-history-screen-20261007/astra_realman_harness/logs/e3-source-20261007/images/0015ab592a007671213fbce41a1683f1a531ad6c28c280051ec68509e7876a4f.png,fc8f93e48adea55c7b5b8dbb612bc2be6f62af48532616733f48b910fa94c840;04723b2e1071902896dcef5ecfe6d7351dcaac2bc00d887340670dbe4b00b7bb;0015ab592a007671213fbce41a1683f1a531ad6c28c280051ec68509e7876a4f,20429,T2,T2,True,19119,38238,13922,,[11],788,3740,0.017130999825894833,UTF-8 bytes including codec guide/dictionary; NOT tokens,True
7,A12-T3,A12,把网球放到透明盒子里,left-measured-H5D1-20261007T071622Z-f1df44cd,12,left-4e2a46e939f54b8fbb71d555c119477c,7;8;9;10;11,/Users/tangchao/Desktop/资料/P7/astra-e3-history-screen-20261007/astra_realman_harness/logs/e3-screen-32-20261007/A12-T3/prompt.txt,2fe9011f5bcc14a94a92ab79060f5fa39c7e84a8a48ba1065555eb17318e36c7,5c1fe015fe29363d77d29ad9411022ffc8ecedf0f4dce957e643e06a0756509f,b1473cfbe9472c9bb89b2f1e01b418143c497d52562f78b6db865501b8181c09,/Users/tangchao/Desktop/资料/P7/astra-e3-history-screen-20261007/astra_realman_harness/logs/e3-source-20261007/images/fc8f93e48adea55c7b5b8dbb612bc2be6f62af48532616733f48b910fa94c840.png;/Users/tangchao/Desktop/资料/P7/astra-e3-history-screen-20261007/astra_realman_harness/logs/e3-source-20261007/images/04723b2e1071902896dcef5ecfe6d7351dcaac2bc00d887340670dbe4b00b7bb.png;/Users/tangchao/Desktop/资料/P7/astra-e3-history-screen-20261007/astra_realman_harness/logs/e3-source-20261007/images/0015ab592a007671213fbce41a1683f1a531ad6c28c280051ec68509e7876a4f.png,fc8f93e48adea55c7b5b8dbb612bc2be6f62af48532616733f48b910fa94c840;04723b2e1071902896dcef5ecfe6d7351dcaac2bc00d887340670dbe4b00b7bb;0015ab592a007671213fbce41a1683f1a531ad6c28c280051ec68509e7876a4f,20429,T3,T3,True,19119,38238,13922,,[11],788,3740,0.028000666992738843,UTF-8 bytes including codec guide/dictionary; NOT tokens,True
8,A12-T0,A12,把网球放到透明盒子里,left-measured-H5D1-20261007T071622Z-f1df44cd,12,left-4e2a46e939f54b8fbb71d555c119477c,7;8;9;10;11,/Users/tangchao/Desktop/资料/P7/astra-e3-history-screen-20261007/astra_realman_harness/logs/e3-screen-32-20261007/A12-T0/prompt.txt,e25a106e7f4f9b6daf88d9d7b206c489529b6ffa1016ec0631393f2618ec7676,28f84bec26e61491e78bfea99d5c033107e913bcf52ca0c506c0fd98d5b5fdbe,b1473cfbe9472c9bb89b2f1e01b418143c497d52562f78b6db865501b8181c09,/Users/tangchao/Desktop/资料/P7/astra-e3-history-screen-20261007/astra_realman_harness/logs/e3-source-20261007/images/fc8f93e48adea55c7b5b8dbb612bc2be6f62af48532616733f48b910fa94c840.png;/Users/tangchao/Desktop/资料/P7/astra-e3-history-screen-20261007/astra_realman_harness/logs/e3-source-20261007/images/04723b2e1071902896dcef5ecfe6d7351dcaac2bc00d887340670dbe4b00b7bb.png;/Users/tangchao/Desktop/资料/P7/astra-e3-history-screen-20261007/astra_realman_harness/logs/e3-source-20261007/images/0015ab592a007671213fbce41a1683f1a531ad6c28c280051ec68509e7876a4f.png,fc8f93e48adea55c7b5b8dbb612bc2be6f62af48532616733f48b910fa94c840;04723b2e1071902896dcef5ecfe6d7351dcaac2bc00d887340670dbe4b00b7bb;0015ab592a007671213fbce41a1683f1a531ad6c28c280051ec68509e7876a4f,75559,T0,T0,True,,38238,69052,,"[7, 8, 9, 10, 11]",3740,3740,0.016346291871741414,UTF-8 bytes including codec guide/dictionary; NOT tokens,True
9,A28-T2,A28,把网球放到透明盒子里,left-measured-H5D1-20261007T071622Z-f1df44cd,28,left-e3d3c73f1fb74f95afd87fcc82a1f2c5,23;24;25;26;27,/Users/tangchao/Desktop/资料/P7/astra-e3-history-screen-20261007/astra_realman_harness/logs/e3-screen-32-20261007/A28-T2/prompt.txt,ec72c2db3a537cf3263d61bfcd4173b170897030de99307a1c704c16f20020a3,d0847a3781eafcfd21d841b25d33f43cd4c007338075161c637bf54564d462b4,b1473cfbe9472c9bb89b2f1e01b418143c497d52562f78b6db865501b8181c09,/Users/tangchao/Desktop/资料/P7/astra-e3-history-screen-20261007/astra_realman_harness/logs/e3-source-20261007/images/8bcd58926171d56a086dc38f63b0945047bdf0520307debba189c781583319eb.png;/Users/tangchao/Desktop/资料/P7/astra-e3-history-screen-20261007/astra_realman_harness/logs/e3-source-20261007/images/4462afa66466df9d40323c98bb3253f1e69442a04a88a8948e812dee3ade825a.png;/Users/tangchao/Desktop/资料/P7/astra-e3-history-screen-20261007/astra_realman_harness/logs/e3-source-20261007/images/c55b08af6054cf334fec88d47407f86a9d938045b6ec7d6535c66c2a5a74db02.png,8bcd58926171d56a086dc38f63b0945047bdf0520307debba189c781583319eb;4462afa66466df9d40323c98bb3253f1e69442a04a88a8948e812dee3ade825a;c55b08af6054cf334fec88d47407f86a9d938045b6ec7d6535c66c2a5a74db02,21060,T2,T2,True,21130,42260,14549,,[27],769,3708,0.018467915942892432,UTF-8 bytes including codec guide/dictionary; NOT tokens,True
10,A28-T3,A28,把网球放到透明盒子里,left-measured-H5D1-20261007T071622Z-f1df44cd,28,left-e3d3c73f1fb74f95afd87fcc82a1f2c5,23;24;25;26;27,/Users/tangchao/Desktop/资料/P7/astra-e3-history-screen-20261007/astra_realman_harness/logs/e3-screen-32-20261007/A28-T3/prompt.txt,ec72c2db3a537cf3263d61bfcd4173b170897030de99307a1c704c16f20020a3,d0847a3781eafcfd21d841b25d33f43cd4c007338075161c637bf54564d462b4,b1473cfbe9472c9bb89b2f1e01b418143c497d52562f78b6db865501b8181c09,/Users/tangchao/Desktop/资料/P7/astra-e3-history-screen-20261007/astra_realman_harness/logs/e3-source-20261007/images/8bcd58926171d56a086dc38f63b0945047bdf0520307debba189c781583319eb.png;/Users/tangchao/Desktop/资料/P7/astra-e3-history-screen-20261007/astra_realman_harness/logs/e3-source-20261007/images/4462afa66466df9d40323c98bb3253f1e69442a04a88a8948e812dee3ade825a.png;/Users/tangchao/Desktop/资料/P7/astra-e3-history-screen-20261007/astra_realman_harness/logs/e3-source-20261007/images/c55b08af6054cf334fec88d47407f86a9d938045b6ec7d6535c66c2a5a74db02.png,8bcd58926171d56a086dc38f63b0945047bdf0520307debba189c781583319eb;4462afa66466df9d40323c98bb3253f1e69442a04a88a8948e812dee3ade825a;c55b08af6054cf334fec88d47407f86a9d938045b6ec7d6535c66c2a5a74db02,21060,T3,T3,True,21130,42260,14549,,[27],769,3708,0.03008395922370255,UTF-8 bytes including codec guide/dictionary; NOT tokens,True
11,A28-T0,A28,把网球放到透明盒子里,left-measured-H5D1-20261007T071622Z-f1df44cd,28,left-e3d3c73f1fb74f95afd87fcc82a1f2c5,23;24;25;26;27,/Users/tangchao/Desktop/资料/P7/astra-e3-history-screen-20261007/astra_realman_harness/logs/e3-screen-32-20261007/A28-T0/prompt.txt,22ab43afb3f1758b4468aa64deaed4a589b1c5f917f5847d04f193231ca0b428,d7a08d82d6fb59d4c3a50098153516a422683d40a10c3e9eedec5485c2c8a366,b1473cfbe9472c9bb89b2f1e01b418143c497d52562f78b6db865501b8181c09,/Users/tangchao/Desktop/资料/P7/astra-e3-history-screen-20261007/astra_realman_harness/logs/e3-source-20261007/images/8bcd58926171d56a086dc38f63b0945047bdf0520307debba189c781583319eb.png;/Users/tangchao/Desktop/资料/P7/astra-e3-history-screen-20261007/astra_realman_harness/logs/e3-source-20261007/images/4462afa66466df9d40323c98bb3253f1e69442a04a88a8948e812dee3ade825a.png;/Users/tangchao/Desktop/资料/P7/astra-e3-history-screen-20261007/astra_realman_harness/logs/e3-source-20261007/images/c55b08af6054cf334fec88d47407f86a9d938045b6ec7d6535c66c2a5a74db02.png,8bcd58926171d56a086dc38f63b0945047bdf0520307debba189c781583319eb;4462afa66466df9d40323c98bb3253f1e69442a04a88a8948e812dee3ade825a;c55b08af6054cf334fec88d47407f86a9d938045b6ec7d6535c66c2a5a74db02,75269,T0,T0,True,,42260,68758,,"[23, 24, 25, 26, 27]",3708,3708,0.01730808289721608,UTF-8 bytes including codec guide/dictionary; NOT tokens,True
12,A28-T1,A28,把网球放到透明盒子里,left-measured-H5D1-20261007T071622Z-f1df44cd,28,left-e3d3c73f1fb74f95afd87fcc82a1f2c5,23;24;25;26;27,/Users/tangchao/Desktop/资料/P7/astra-e3-history-screen-20261007/astra_realman_harness/logs/e3-screen-32-20261007/A28-T1/prompt.txt,abcdd76e2e85fcc6c0e16cd80273281a8d8cdc0364e2b554a826cb0d689ac8e9,d7a08d82d6fb59d4c3a50098153516a422683d40a10c3e9eedec5485c2c8a366,b1473cfbe9472c9bb89b2f1e01b418143c497d52562f78b6db865501b8181c09,/Users/tangchao/Desktop/资料/P7/astra-e3-history-screen-20261007/astra_realman_harness/logs/e3-source-20261007/images/8bcd58926171d56a086dc38f63b0945047bdf0520307debba189c781583319eb.png;/Users/tangchao/Desktop/资料/P7/astra-e3-history-screen-20261007/astra_realman_harness/logs/e3-source-20261007/images/4462afa66466df9d40323c98bb3253f1e69442a04a88a8948e812dee3ade825a.png;/Users/tangchao/Desktop/资料/P7/astra-e3-history-screen-20261007/astra_realman_harness/logs/e3-source-20261007/images/c55b08af6054cf334fec88d47407f86a9d938045b6ec7d6535c66c2a5a74db02.png,8bcd58926171d56a086dc38f63b0945047bdf0520307debba189c781583319eb;4462afa66466df9d40323c98bb3253f1e69442a04a88a8948e812dee3ade825a;c55b08af6054cf334fec88d47407f86a9d938045b6ec7d6535c66c2a5a74db02,48771,T1,T1,True,,42260,42260,,"[23, 24, 25, 26, 27]",3708,3708,0.016715541016310453,UTF-8 bytes including codec guide/dictionary; NOT tokens,True
13,A36-T3,A36,把网球放到透明盒子里,left-measured-H5D1-20261007T071622Z-f1df44cd,36,left-d12926b2e47a497ca3268c51df29baf4,31;32;33;34;35,/Users/tangchao/Desktop/资料/P7/astra-e3-history-screen-20261007/astra_realman_harness/logs/e3-screen-32-20261007/A36-T3/prompt.txt,ae540b0359f841bf7c97951782610f95ef8333891c9a59ebbf59eb36c0ad745a,8bc7e690ad828c0098e6faf1a97d7e1769f5a97cf7575ae5094d970ca4102972,b1473cfbe9472c9bb89b2f1e01b418143c497d52562f78b6db865501b8181c09,/Users/tangchao/Desktop/资料/P7/astra-e3-history-screen-20261007/astra_realman_harness/logs/e3-source-20261007/images/1ca27261664e32b66211d5cef867df76403060d3c23a4a35d23efe0d6814d49a.png;/Users/tangchao/Desktop/资料/P7/astra-e3-history-screen-20261007/astra_realman_harness/logs/e3-source-20261007/images/184178cb985f8aa4b27254487e3fbcd51aec38275593c88671f8c060060864a2.png;/Users/tangchao/Desktop/资料/P7/astra-e3-history-screen-20261007/astra_realman_harness/logs/e3-source-20261007/images/a7b3e5c512407f18571d9215187d05f29e3d880938c0a2a107ea21edcdd3db58.png,1ca27261664e32b66211d5cef867df76403060d3c23a4a35d23efe0d6814d49a;184178cb985f8aa4b27254487e3fbcd51aec38275593c88671f8c060060864a2;a7b3e5c512407f18571d9215187d05f29e3d880938c0a2a107ea21edcdd3db58,21477,T3,T3,True,20051,40103,14982,,[35],775,3727,0.02888637501746416,UTF-8 bytes including codec guide/dictionary; NOT tokens,True
14,A36-T0,A36,把网球放到透明盒子里,left-measured-H5D1-20261007T071622Z-f1df44cd,36,left-d12926b2e47a497ca3268c51df29baf4,31;32;33;34;35,/Users/tangchao/Desktop/资料/P7/astra-e3-history-screen-20261007/astra_realman_harness/logs/e3-screen-32-20261007/A36-T0/prompt.txt,8ac8ab6f09ef89437d63ce49987621475cb8290c673fe371a3e656611e6b30ad,7965a23d41d7e366da564cea281cccae05697188f9c54da0b41e111c3e82aa92,b1473cfbe9472c9bb89b2f1e01b418143c497d52562f78b6db865501b8181c09,/Users/tangchao/Desktop/资料/P7/astra-e3-history-screen-20261007/astra_realman_harness/logs/e3-source-20261007/images/1ca27261664e32b66211d5cef867df76403060d3c23a4a35d23efe0d6814d49a.png;/Users/tangchao/Desktop/资料/P7/astra-e3-history-screen-20261007/astra_realman_harness/logs/e3-source-20261007/images/184178cb985f8aa4b27254487e3fbcd51aec38275593c88671f8c060060864a2.png;/Users/tangchao/Desktop/资料/P7/astra-e3-history-screen-20261007/astra_realman_harness/logs/e3-source-20261007/images/a7b3e5c512407f18571d9215187d05f29e3d880938c0a2a107ea21edcdd3db58.png,1ca27261664e32b66211d5cef867df76403060d3c23a4a35d23efe0d6814d49a;184178cb985f8aa4b27254487e3fbcd51aec38275593c88671f8c060060864a2;a7b3e5c512407f18571d9215187d05f29e3d880938c0a2a107ea21edcdd3db58,75668,T0,T0,True,,40103,69173,,"[31, 32, 33, 34, 35]",3727,3727,0.018318374874070287,UTF-8 bytes including codec guide/dictionary; NOT tokens,True
15,A36-T1,A36,把网球放到透明盒子里,left-measured-H5D1-20261007T071622Z-f1df44cd,36,left-d12926b2e47a497ca3268c51df29baf4,31;32;33;34;35,/Users/tangchao/Desktop/资料/P7/astra-e3-history-screen-20261007/astra_realman_harness/logs/e3-screen-32-20261007/A36-T1/prompt.txt,c3b3903213377f2001e63adb66e3db9e07443946209973e7f6d04c972e529971,7965a23d41d7e366da564cea281cccae05697188f9c54da0b41e111c3e82aa92,b1473cfbe9472c9bb89b2f1e01b418143c497d52562f78b6db865501b8181c09,/Users/tangchao/Desktop/资料/P7/astra-e3-history-screen-20261007/astra_realman_harness/logs/e3-source-20261007/images/1ca27261664e32b66211d5cef867df76403060d3c23a4a35d23efe0d6814d49a.png;/Users/tangchao/Desktop/资料/P7/astra-e3-history-screen-20261007/astra_realman_harness/logs/e3-source-20261007/images/184178cb985f8aa4b27254487e3fbcd51aec38275593c88671f8c060060864a2.png;/Users/tangchao/Desktop/资料/P7/astra-e3-history-screen-20261007/astra_realman_harness/logs/e3-source-20261007/images/a7b3e5c512407f18571d9215187d05f29e3d880938c0a2a107ea21edcdd3db58.png,1ca27261664e32b66211d5cef867df76403060d3c23a4a35d23efe0d6814d49a;184178cb985f8aa4b27254487e3fbcd51aec38275593c88671f8c060060864a2;a7b3e5c512407f18571d9215187d05f29e3d880938c0a2a107ea21edcdd3db58,46598,T1,T1,True,,40103,40103,,"[31, 32, 33, 34, 35]",3727,3727,0.016288166167214513,UTF-8 bytes including codec guide/dictionary; NOT tokens,True
16,A36-T2,A36,把网球放到透明盒子里,left-measured-H5D1-20261007T071622Z-f1df44cd,36,left-d12926b2e47a497ca3268c51df29baf4,31;32;33;34;35,/Users/tangchao/Desktop/资料/P7/astra-e3-history-screen-20261007/astra_realman_harness/logs/e3-screen-32-20261007/A36-T2/prompt.txt,ae540b0359f841bf7c97951782610f95ef8333891c9a59ebbf59eb36c0ad745a,8bc7e690ad828c0098e6faf1a97d7e1769f5a97cf7575ae5094d970ca4102972,b1473cfbe9472c9bb89b2f1e01b418143c497d52562f78b6db865501b8181c09,/Users/tangchao/Desktop/资料/P7/astra-e3-history-screen-20261007/astra_realman_harness/logs/e3-source-20261007/images/1ca27261664e32b66211d5cef867df76403060d3c23a4a35d23efe0d6814d49a.png;/Users/tangchao/Desktop/资料/P7/astra-e3-history-screen-20261007/astra_realman_harness/logs/e3-source-20261007/images/184178cb985f8aa4b27254487e3fbcd51aec38275593c88671f8c060060864a2.png;/Users/tangchao/Desktop/资料/P7/astra-e3-history-screen-20261007/astra_realman_harness/logs/e3-source-20261007/images/a7b3e5c512407f18571d9215187d05f29e3d880938c0a2a107ea21edcdd3db58.png,1ca27261664e32b66211d5cef867df76403060d3c23a4a35d23efe0d6814d49a;184178cb985f8aa4b27254487e3fbcd51aec38275593c88671f8c060060864a2;a7b3e5c512407f18571d9215187d05f29e3d880938c0a2a107ea21edcdd3db58,21477,T2,T2,True,20051,40103,14982,,[35],775,3727,0.01786341588012874,UTF-8 bytes including codec guide/dictionary; NOT tokens,True
17,B06-T0,B06,把三个白色方块堆叠在一起，叠成三层高,left-measured-H5D1-20261007T075054Z-27aae930,6,left-3f3ee008097b46ada342094975ce0aa9,1;2;3;4;5,/Users/tangchao/Desktop/资料/P7/astra-e3-history-screen-20261007/astra_realman_harness/logs/e3-screen-32-20261007/B06-T0/prompt.txt,0112e002a67f7037de530fa786868774f1d4247c63f64b878b66ad7489f51ade,63312f85dde21991152140379ced876bfca6276a7b02c8b95c5357da2b55e430,b1473cfbe9472c9bb89b2f1e01b418143c497d52562f78b6db865501b8181c09,/Users/tangchao/Desktop/资料/P7/astra-e3-history-screen-20261007/astra_realman_harness/logs/e3-source-20261007/images/5dcdb4af9e6fc22b00a540efb6f8682f1538b1fc24699fad3bea15948cc2af89.png;/Users/tangchao/Desktop/资料/P7/astra-e3-history-screen-20261007/astra_realman_harness/logs/e3-source-20261007/images/e9d3324e43823bd0f54b0f56f3508730d82f3809cf73b00b8a79bf232ac5cbe2.png;/Users/tangchao/Desktop/资料/P7/astra-e3-history-screen-20261007/astra_realman_harness/logs/e3-source-20261007/images/716fece113a7292fbd09cc41ba30a58a895af74b2d9825a08ee45c60666dde81.png,5dcdb4af9e6fc22b00a540efb6f8682f1538b1fc24699fad3bea15948cc2af89;e9d3324e43823bd0f54b0f56f3508730d82f3809cf73b00b8a79bf232ac5cbe2;716fece113a7292fbd09cc41ba30a58a895af74b2d9825a08ee45c60666dde81,75653,T0,T0,True,,39933,69123,,"[1, 2, 3, 4, 5]",3727,3727,0.016976792132481933,UTF-8 bytes including codec guide/dictionary; NOT tokens,True
18,B06-T1,B06,把三个白色方块堆叠在一起，叠成三层高,left-measured-H5D1-20261007T075054Z-27aae930,6,left-3f3ee008097b46ada342094975ce0aa9,1;2;3;4;5,/Users/tangchao/Desktop/资料/P7/astra-e3-history-screen-20261007/astra_realman_harness/logs/e3-screen-32-20261007/B06-T1/prompt.txt,37201719fa1f7b7315889133737d6c062d7d00f693038d3b3f9aac30d2247ce5,63312f85dde21991152140379ced876bfca6276a7b02c8b95c5357da2b55e430,b1473cfbe9472c9bb89b2f1e01b418143c497d52562f78b6db865501b8181c09,/Users/tangchao/Desktop/资料/P7/astra-e3-history-screen-20261007/astra_realman_harness/logs/e3-source-20261007/images/5dcdb4af9e6fc22b00a540efb6f8682f1538b1fc24699fad3bea15948cc2af89.png;/Users/tangchao/Desktop/资料/P7/astra-e3-history-screen-20261007/astra_realman_harness/logs/e3-source-20261007/images/e9d3324e43823bd0f54b0f56f3508730d82f3809cf73b00b8a79bf232ac5cbe2.png;/Users/tangchao/Desktop/资料/P7/astra-e3-history-screen-20261007/astra_realman_harness/logs/e3-source-20261007/images/716fece113a7292fbd09cc41ba30a58a895af74b2d9825a08ee45c60666dde81.png,5dcdb4af9e6fc22b00a540efb6f8682f1538b1fc24699fad3bea15948cc2af89;e9d3324e43823bd0f54b0f56f3508730d82f3809cf73b00b8a79bf232ac5cbe2;716fece113a7292fbd09cc41ba30a58a895af74b2d9825a08ee45c60666dde81,46463,T1,T1,True,,39933,39933,,"[1, 2, 3, 4, 5]",3727,3727,0.01652750000357628,UTF-8 bytes including codec guide/dictionary; NOT tokens,True
19,B06-T2,B06,把三个白色方块堆叠在一起，叠成三层高,left-measured-H5D1-20261007T075054Z-27aae930,6,left-3f3ee008097b46ada342094975ce0aa9,1;2;3;4;5,/Users/tangchao/Desktop/资料/P7/astra-e3-history-screen-20261007/astra_realman_harness/logs/e3-screen-32-20261007/B06-T2/prompt.txt,95c39efadcabb19ee51b5cc3eb8d0012b2405b1efdaa4e466e8c8e51dcf55577,8e90de3a66c6509502eb539b6fc6625ff108504db3be7b57cf934c996315c4ba,b1473cfbe9472c9bb89b2f1e01b418143c497d52562f78b6db865501b8181c09,/Users/tangchao/Desktop/资料/P7/astra-e3-history-screen-20261007/astra_realman_harness/logs/e3-source-20261007/images/5dcdb4af9e6fc22b00a540efb6f8682f1538b1fc24699fad3bea15948cc2af89.png;/Users/tangchao/Desktop/资料/P7/astra-e3-history-screen-20261007/astra_realman_harness/logs/e3-source-20261007/images/e9d3324e43823bd0f54b0f56f3508730d82f3809cf73b00b8a79bf232ac5cbe2.png;/Users/tangchao/Desktop/资料/P7/astra-e3-history-screen-20261007/astra_realman_harness/logs/e3-source-20261007/images/716fece113a7292fbd09cc41ba30a58a895af74b2d9825a08ee45c60666dde81.png,5dcdb4af9e6fc22b00a540efb6f8682f1538b1fc24699fad3bea15948cc2af89;e9d3324e43823bd0f54b0f56f3508730d82f3809cf73b00b8a79bf232ac5cbe2;716fece113a7292fbd09cc41ba30a58a895af74b2d9825a08ee45c60666dde81,20486,T2,T2,True,19966,39933,13956,,[5],788,3727,0.017286958871409297,UTF-8 bytes including codec guide/dictionary; NOT tokens,True
20,B06-T3,B06,把三个白色方块堆叠在一起，叠成三层高,left-measured-H5D1-20261007T075054Z-27aae930,6,left-3f3ee008097b46ada342094975ce0aa9,1;2;3;4;5,/Users/tangchao/Desktop/资料/P7/astra-e3-history-screen-20261007/astra_realman_harness/logs/e3-screen-32-20261007/B06-T3/prompt.txt,95c39efadcabb19ee51b5cc3eb8d0012b2405b1efdaa4e466e8c8e51dcf55577,8e90de3a66c6509502eb539b6fc6625ff108504db3be7b57cf934c996315c4ba,b1473cfbe9472c9bb89b2f1e01b418143c497d52562f78b6db865501b8181c09,/Users/tangchao/Desktop/资料/P7/astra-e3-history-screen-20261007/astra_realman_harness/logs/e3-source-20261007/images/5dcdb4af9e6fc22b00a540efb6f8682f1538b1fc24699fad3bea15948cc2af89.png;/Users/tangchao/Desktop/资料/P7/astra-e3-history-screen-20261007/astra_realman_harness/logs/e3-source-20261007/images/e9d3324e43823bd0f54b0f56f3508730d82f3809cf73b00b8a79bf232ac5cbe2.png;/Users/tangchao/Desktop/资料/P7/astra-e3-history-screen-20261007/astra_realman_harness/logs/e3-source-20261007/images/716fece113a7292fbd09cc41ba30a58a895af74b2d9825a08ee45c60666dde81.png,5dcdb4af9e6fc22b00a540efb6f8682f1538b1fc24699fad3bea15948cc2af89;e9d3324e43823bd0f54b0f56f3508730d82f3809cf73b00b8a79bf232ac5cbe2;716fece113a7292fbd09cc41ba30a58a895af74b2d9825a08ee45c60666dde81,20486,T3,T3,True,19966,39933,13956,,[5],788,3727,0.028555791825056076,UTF-8 bytes including codec guide/dictionary; NOT tokens,True
21,B12-T1,B12,把三个白色方块堆叠在一起，叠成三层高,left-measured-H5D1-20261007T075054Z-27aae930,12,left-d57c17da8a364a839e2dc322a2932d5f,7;8;9;10;11,/Users/tangchao/Desktop/资料/P7/astra-e3-history-screen-20261007/astra_realman_harness/logs/e3-screen-32-20261007/B12-T1/prompt.txt,8da83181fe813263fc1d3057f07b05f967df5ef0c64ae55b21e93c8d59f5c831,2b35c590084051da46eef5e61e8db008d79cfc9841d385e819b01d2008225aad,b1473cfbe9472c9bb89b2f1e01b418143c497d52562f78b6db865501b8181c09,/Users/tangchao/Desktop/资料/P7/astra-e3-history-screen-20261007/astra_realman_harness/logs/e3-source-20261007/images/af00330d07b225f785369ee37acbf1c17865c15ab14ca6f5c452302eef41646a.png;/Users/tangchao/Desktop/资料/P7/astra-e3-history-screen-20261007/astra_realman_harness/logs/e3-source-20261007/images/a91ac4294f85e54b541b78fc36bd587a1c624d355197973e435b39f59718c58b.png;/Users/tangchao/Desktop/资料/P7/astra-e3-history-screen-20261007/astra_realman_harness/logs/e3-source-20261007/images/dfbb2aad113dd29d3f9e843a525affc12d6b5e10d2a9b32a4a1925778979474c.png,af00330d07b225f785369ee37acbf1c17865c15ab14ca6f5c452302eef41646a;a91ac4294f85e54b541b78fc36bd587a1c624d355197973e435b39f59718c58b;dfbb2aad113dd29d3f9e843a525affc12d6b5e10d2a9b32a4a1925778979474c,47571,T1,T1,True,,41036,41036,,"[7, 8, 9, 10, 11]",3745,3745,0.01673954096622765,UTF-8 bytes including codec guide/dictionary; NOT tokens,True
22,B12-T2,B12,把三个白色方块堆叠在一起，叠成三层高,left-measured-H5D1-20261007T075054Z-27aae930,12,left-d57c17da8a364a839e2dc322a2932d5f,7;8;9;10;11,/Users/tangchao/Desktop/资料/P7/astra-e3-history-screen-20261007/astra_realman_harness/logs/e3-screen-32-20261007/B12-T2/prompt.txt,a3cfb246600c32c62cb93f04f12803896727d084a7d6a640bbd88335574eff86,1f19c5d015c8ce48675c3e7d6e02da3e7d71cd2e41e2c65ffb7de4cb5a8046de,b1473cfbe9472c9bb89b2f1e01b418143c497d52562f78b6db865501b8181c09,/Users/tangchao/Desktop/资料/P7/astra-e3-history-screen-20261007/astra_realman_harness/logs/e3-source-20261007/images/af00330d07b225f785369ee37acbf1c17865c15ab14ca6f5c452302eef41646a.png;/Users/tangchao/Desktop/资料/P7/astra-e3-history-screen-20261007/astra_realman_harness/logs/e3-source-20261007/images/a91ac4294f85e54b541b78fc36bd587a1c624d355197973e435b39f59718c58b.png;/Users/tangchao/Desktop/资料/P7/astra-e3-history-screen-20261007/astra_realman_harness/logs/e3-source-20261007/images/dfbb2aad113dd29d3f9e843a525affc12d6b5e10d2a9b32a4a1925778979474c.png,af00330d07b225f785369ee37acbf1c17865c15ab14ca6f5c452302eef41646a;a91ac4294f85e54b541b78fc36bd587a1c624d355197973e435b39f59718c58b;dfbb2aad113dd29d3f9e843a525affc12d6b5e10d2a9b32a4a1925778979474c,22068,T2,T2,True,20518,41036,15533,,[11],806,3745,0.01846295897848904,UTF-8 bytes including codec guide/dictionary; NOT tokens,True
23,B12-T3,B12,把三个白色方块堆叠在一起，叠成三层高,left-measured-H5D1-20261007T075054Z-27aae930,12,left-d57c17da8a364a839e2dc322a2932d5f,7;8;9;10;11,/Users/tangchao/Desktop/资料/P7/astra-e3-history-screen-20261007/astra_realman_harness/logs/e3-screen-32-20261007/B12-T3/prompt.txt,a3cfb246600c32c62cb93f04f12803896727d084a7d6a640bbd88335574eff86,1f19c5d015c8ce48675c3e7d6e02da3e7d71cd2e41e2c65ffb7de4cb5a8046de,b1473cfbe9472c9bb89b2f1e01b418143c497d52562f78b6db865501b8181c09,/Users/tangchao/Desktop/资料/P7/astra-e3-history-screen-20261007/astra_realman_harness/logs/e3-source-20261007/images/af00330d07b225f785369ee37acbf1c17865c15ab14ca6f5c452302eef41646a.png;/Users/tangchao/Desktop/资料/P7/astra-e3-history-screen-20261007/astra_realman_harness/logs/e3-source-20261007/images/a91ac4294f85e54b541b78fc36bd587a1c624d355197973e435b39f59718c58b.png;/Users/tangchao/Desktop/资料/P7/astra-e3-history-screen-20261007/astra_realman_harness/logs/e3-source-20261007/images/dfbb2aad113dd29d3f9e843a525affc12d6b5e10d2a9b32a4a1925778979474c.png,af00330d07b225f785369ee37acbf1c17865c15ab14ca6f5c452302eef41646a;a91ac4294f85e54b541b78fc36bd587a1c624d355197973e435b39f59718c58b;dfbb2aad113dd29d3f9e843a525affc12d6b5e10d2a9b32a4a1925778979474c,22068,T3,T3,True,20518,41036,15533,,[11],806,3745,0.030638957861810923,UTF-8 bytes including codec guide/dictionary; NOT tokens,True
24,B12-T0,B12,把三个白色方块堆叠在一起，叠成三层高,left-measured-H5D1-20261007T075054Z-27aae930,12,left-d57c17da8a364a839e2dc322a2932d5f,7;8;9;10;11,/Users/tangchao/Desktop/资料/P7/astra-e3-history-screen-20261007/astra_realman_harness/logs/e3-screen-32-20261007/B12-T0/prompt.txt,a4d950f39d6f7ccc31bb8ec7c02ef45d6f8d47f6a068796865dd29949c874af5,2b35c590084051da46eef5e61e8db008d79cfc9841d385e819b01d2008225aad,b1473cfbe9472c9bb89b2f1e01b418143c497d52562f78b6db865501b8181c09,/Users/tangchao/Desktop/资料/P7/astra-e3-history-screen-20261007/astra_realman_harness/logs/e3-source-20261007/images/af00330d07b225f785369ee37acbf1c17865c15ab14ca6f5c452302eef41646a.png;/Users/tangchao/Desktop/资料/P7/astra-e3-history-screen-20261007/astra_realman_harness/logs/e3-source-20261007/images/a91ac4294f85e54b541b78fc36bd587a1c624d355197973e435b39f59718c58b.png;/Users/tangchao/Desktop/资料/P7/astra-e3-history-screen-20261007/astra_realman_harness/logs/e3-source-20261007/images/dfbb2aad113dd29d3f9e843a525affc12d6b5e10d2a9b32a4a1925778979474c.png,af00330d07b225f785369ee37acbf1c17865c15ab14ca6f5c452302eef41646a;a91ac4294f85e54b541b78fc36bd587a1c624d355197973e435b39f59718c58b;dfbb2aad113dd29d3f9e843a525affc12d6b5e10d2a9b32a4a1925778979474c,76467,T0,T0,True,,41036,69932,,"[7, 8, 9, 10, 11]",3745,3745,0.0169063750654459,UTF-8 bytes including codec guide/dictionary; NOT tokens,True
25,B22-T2,B22,把三个白色方块堆叠在一起，叠成三层高,left-measured-H5D1-20261007T075054Z-27aae930,22,left-87064f58fb374af7be5fbcf2a2dc0621,17;18;19;20;21,/Users/tangchao/Desktop/资料/P7/astra-e3-history-screen-20261007/astra_realman_harness/logs/e3-screen-32-20261007/B22-T2/prompt.txt,f71f984fe37071bf4f09351c0624347042d012e1604b0eefc3c61a54892131e0,307a038625773a3738c8671e106512c227a3ae2b1d1e5bc68aeabbc537561d27,b1473cfbe9472c9bb89b2f1e01b418143c497d52562f78b6db865501b8181c09,/Users/tangchao/Desktop/资料/P7/astra-e3-history-screen-20261007/astra_realman_harness/logs/e3-source-20261007/images/895873393993924089be6fcdfee7959a8f1994180e8e8e998b3e2412dd0bb87e.png;/Users/tangchao/Desktop/资料/P7/astra-e3-history-screen-20261007/astra_realman_harness/logs/e3-source-20261007/images/d7a68c93514cb5cff40b08fa9f825026182f8fd99e9533126804db9ef37130f5.png;/Users/tangchao/Desktop/资料/P7/astra-e3-history-screen-20261007/astra_realman_harness/logs/e3-source-20261007/images/191e9007b57d46b93df4ca0a731eebb7db71652585eb99ed948cec2917a6f46f.png,895873393993924089be6fcdfee7959a8f1994180e8e8e998b3e2412dd0bb87e;d7a68c93514cb5cff40b08fa9f825026182f8fd99e9533126804db9ef37130f5;191e9007b57d46b93df4ca0a731eebb7db71652585eb99ed948cec2917a6f46f,27437,T2,T2,True,21200,42401,20904,,"[20, 21]",1507,3744,0.024347292026504874,UTF-8 bytes including codec guide/dictionary; NOT tokens,True
26,B22-T3,B22,把三个白色方块堆叠在一起，叠成三层高,left-measured-H5D1-20261007T075054Z-27aae930,22,left-87064f58fb374af7be5fbcf2a2dc0621,17;18;19;20;21,/Users/tangchao/Desktop/资料/P7/astra-e3-history-screen-20261007/astra_realman_harness/logs/e3-screen-32-20261007/B22-T3/prompt.txt,f71f984fe37071bf4f09351c0624347042d012e1604b0eefc3c61a54892131e0,307a038625773a3738c8671e106512c227a3ae2b1d1e5bc68aeabbc537561d27,b1473cfbe9472c9bb89b2f1e01b418143c497d52562f78b6db865501b8181c09,/Users/tangchao/Desktop/资料/P7/astra-e3-history-screen-20261007/astra_realman_harness/logs/e3-source-20261007/images/895873393993924089be6fcdfee7959a8f1994180e8e8e998b3e2412dd0bb87e.png;/Users/tangchao/Desktop/资料/P7/astra-e3-history-screen-20261007/astra_realman_harness/logs/e3-source-20261007/images/d7a68c93514cb5cff40b08fa9f825026182f8fd99e9533126804db9ef37130f5.png;/Users/tangchao/Desktop/资料/P7/astra-e3-history-screen-20261007/astra_realman_harness/logs/e3-source-20261007/images/191e9007b57d46b93df4ca0a731eebb7db71652585eb99ed948cec2917a6f46f.png,895873393993924089be6fcdfee7959a8f1994180e8e8e998b3e2412dd0bb87e;d7a68c93514cb5cff40b08fa9f825026182f8fd99e9533126804db9ef37130f5;191e9007b57d46b93df4ca0a731eebb7db71652585eb99ed948cec2917a6f46f,27437,T3,T3,True,21200,42401,20904,,"[20, 21]",1507,3744,0.03518112492747605,UTF-8 bytes including codec guide/dictionary; NOT tokens,True
27,B22-T0,B22,把三个白色方块堆叠在一起，叠成三层高,left-measured-H5D1-20261007T075054Z-27aae930,22,left-87064f58fb374af7be5fbcf2a2dc0621,17;18;19;20;21,/Users/tangchao/Desktop/资料/P7/astra-e3-history-screen-20261007/astra_realman_harness/logs/e3-screen-32-20261007/B22-T0/prompt.txt,0ee4d79ba290126c008d7375ef40d4c8cb72fd9ec7a9add82fbc77c16d25437d,b4e98f4795fa76ca853f337a7bcfd5c317f78695f7553f6c7f7d9047fee1ae86,b1473cfbe9472c9bb89b2f1e01b418143c497d52562f78b6db865501b8181c09,/Users/tangchao/Desktop/资料/P7/astra-e3-history-screen-20261007/astra_realman_harness/logs/e3-source-20261007/images/895873393993924089be6fcdfee7959a8f1994180e8e8e998b3e2412dd0bb87e.png;/Users/tangchao/Desktop/资料/P7/astra-e3-history-screen-20261007/astra_realman_harness/logs/e3-source-20261007/images/d7a68c93514cb5cff40b08fa9f825026182f8fd99e9533126804db9ef37130f5.png;/Users/tangchao/Desktop/资料/P7/astra-e3-history-screen-20261007/astra_realman_harness/logs/e3-source-20261007/images/191e9007b57d46b93df4ca0a731eebb7db71652585eb99ed948cec2917a6f46f.png,895873393993924089be6fcdfee7959a8f1994180e8e8e998b3e2412dd0bb87e;d7a68c93514cb5cff40b08fa9f825026182f8fd99e9533126804db9ef37130f5;191e9007b57d46b93df4ca0a731eebb7db71652585eb99ed948cec2917a6f46f,76716,T0,T0,True,,42401,70183,,"[17, 18, 19, 20, 21]",3744,3744,0.01731249992735684,UTF-8 bytes including codec guide/dictionary; NOT tokens,True
28,B22-T1,B22,把三个白色方块堆叠在一起，叠成三层高,left-measured-H5D1-20261007T075054Z-27aae930,22,left-87064f58fb374af7be5fbcf2a2dc0621,17;18;19;20;21,/Users/tangchao/Desktop/资料/P7/astra-e3-history-screen-20261007/astra_realman_harness/logs/e3-screen-32-20261007/B22-T1/prompt.txt,2310e84157695448ccc72d50f11158b9ba5545cdc3a12ecbe616bd91b711e308,b4e98f4795fa76ca853f337a7bcfd5c317f78695f7553f6c7f7d9047fee1ae86,b1473cfbe9472c9bb89b2f1e01b418143c497d52562f78b6db865501b8181c09,/Users/tangchao/Desktop/资料/P7/astra-e3-history-screen-20261007/astra_realman_harness/logs/e3-source-20261007/images/895873393993924089be6fcdfee7959a8f1994180e8e8e998b3e2412dd0bb87e.png;/Users/tangchao/Desktop/资料/P7/astra-e3-history-screen-20261007/astra_realman_harness/logs/e3-source-20261007/images/d7a68c93514cb5cff40b08fa9f825026182f8fd99e9533126804db9ef37130f5.png;/Users/tangchao/Desktop/资料/P7/astra-e3-history-screen-20261007/astra_realman_harness/logs/e3-source-20261007/images/191e9007b57d46b93df4ca0a731eebb7db71652585eb99ed948cec2917a6f46f.png,895873393993924089be6fcdfee7959a8f1994180e8e8e998b3e2412dd0bb87e;d7a68c93514cb5cff40b08fa9f825026182f8fd99e9533126804db9ef37130f5;191e9007b57d46b93df4ca0a731eebb7db71652585eb99ed948cec2917a6f46f,48934,T1,T1,True,,42401,42401,,"[17, 18, 19, 20, 21]",3744,3744,0.016679250169545412,UTF-8 bytes including codec guide/dictionary; NOT tokens,True
29,B25-T3,B25,把三个白色方块堆叠在一起，叠成三层高,left-measured-H5D1-20261007T075054Z-27aae930,25,left-90cd9f266276409db8326b52f1edd6f3,20;21;22;23;24,/Users/tangchao/Desktop/资料/P7/astra-e3-history-screen-20261007/astra_realman_harness/logs/e3-screen-32-20261007/B25-T3/prompt.txt,6e5f96a95f0946c240d246f0e3840a2c65f450fced20a8d796ca8e94c871d8bb,dd512b75675355970acd03f6fce058ca0ef56af590546b35a52ca08e9d6653a6,b1473cfbe9472c9bb89b2f1e01b418143c497d52562f78b6db865501b8181c09,/Users/tangchao/Desktop/资料/P7/astra-e3-history-screen-20261007/astra_realman_harness/logs/e3-source-20261007/images/e6a62e8f85f351bba2211eb1009573e2c07d50f627308c493b300b377e0df6eb.png;/Users/tangchao/Desktop/资料/P7/astra-e3-history-screen-20261007/astra_realman_harness/logs/e3-source-20261007/images/cbc6831460f42f451dca511056b00a5187a400a5e5b808e911e66794f8495a67.png;/Users/tangchao/Desktop/资料/P7/astra-e3-history-screen-20261007/astra_realman_harness/logs/e3-source-20261007/images/ef7d69858b39596f5626800d04ae649968098bf1c0315f6cfe18f79eee5a55f5.png,e6a62e8f85f351bba2211eb1009573e2c07d50f627308c493b300b377e0df6eb;cbc6831460f42f451dca511056b00a5187a400a5e5b808e911e66794f8495a67;ef7d69858b39596f5626800d04ae649968098bf1c0315f6cfe18f79eee5a55f5,24395,T3,T3,True,19513,39026,17862,,[24],1071,3721,0.0325693329796195,UTF-8 bytes including codec guide/dictionary; NOT tokens,True
30,B25-T0,B25,把三个白色方块堆叠在一起，叠成三层高,left-measured-H5D1-20261007T075054Z-27aae930,25,left-90cd9f266276409db8326b52f1edd6f3,20;21;22;23;24,/Users/tangchao/Desktop/资料/P7/astra-e3-history-screen-20261007/astra_realman_harness/logs/e3-screen-32-20261007/B25-T0/prompt.txt,ddc1de98d6a2a657ec1b84b8ce7ac6c2bcb349ff225e785d4bab690f9dd897b3,c477bf113baf672d3b241d716359af4060ff77a265d55228b65a9514eb71d0fb,b1473cfbe9472c9bb89b2f1e01b418143c497d52562f78b6db865501b8181c09,/Users/tangchao/Desktop/资料/P7/astra-e3-history-screen-20261007/astra_realman_harness/logs/e3-source-20261007/images/e6a62e8f85f351bba2211eb1009573e2c07d50f627308c493b300b377e0df6eb.png;/Users/tangchao/Desktop/资料/P7/astra-e3-history-screen-20261007/astra_realman_harness/logs/e3-source-20261007/images/cbc6831460f42f451dca511056b00a5187a400a5e5b808e911e66794f8495a67.png;/Users/tangchao/Desktop/资料/P7/astra-e3-history-screen-20261007/astra_realman_harness/logs/e3-source-20261007/images/ef7d69858b39596f5626800d04ae649968098bf1c0315f6cfe18f79eee5a55f5.png,e6a62e8f85f351bba2211eb1009573e2c07d50f627308c493b300b377e0df6eb;cbc6831460f42f451dca511056b00a5187a400a5e5b808e911e66794f8495a67;ef7d69858b39596f5626800d04ae649968098bf1c0315f6cfe18f79eee5a55f5,75092,T0,T0,True,,39026,68559,,"[20, 21, 22, 23, 24]",3721,3721,0.016872792039066553,UTF-8 bytes including codec guide/dictionary; NOT tokens,True
31,B25-T1,B25,把三个白色方块堆叠在一起，叠成三层高,left-measured-H5D1-20261007T075054Z-27aae930,25,left-90cd9f266276409db8326b52f1edd6f3,20;21;22;23;24,/Users/tangchao/Desktop/资料/P7/astra-e3-history-screen-20261007/astra_realman_harness/logs/e3-screen-32-20261007/B25-T1/prompt.txt,908c4be03f37ecdc5109b9ce22cc3b2983c1085494fa977ae4f2cd5663975f04,c477bf113baf672d3b241d716359af4060ff77a265d55228b65a9514eb71d0fb,b1473cfbe9472c9bb89b2f1e01b418143c497d52562f78b6db865501b8181c09,/Users/tangchao/Desktop/资料/P7/astra-e3-history-screen-20261007/astra_realman_harness/logs/e3-source-20261007/images/e6a62e8f85f351bba2211eb1009573e2c07d50f627308c493b300b377e0df6eb.png;/Users/tangchao/Desktop/资料/P7/astra-e3-history-screen-20261007/astra_realman_harness/logs/e3-source-20261007/images/cbc6831460f42f451dca511056b00a5187a400a5e5b808e911e66794f8495a67.png;/Users/tangchao/Desktop/资料/P7/astra-e3-history-screen-20261007/astra_realman_harness/logs/e3-source-20261007/images/ef7d69858b39596f5626800d04ae649968098bf1c0315f6cfe18f79eee5a55f5.png,e6a62e8f85f351bba2211eb1009573e2c07d50f627308c493b300b377e0df6eb;cbc6831460f42f451dca511056b00a5187a400a5e5b808e911e66794f8495a67;ef7d69858b39596f5626800d04ae649968098bf1c0315f6cfe18f79eee5a55f5,45559,T1,T1,True,,39026,39026,,"[20, 21, 22, 23, 24]",3721,3721,0.0163268749602139,UTF-8 bytes including codec guide/dictionary; NOT tokens,True
32,B25-T2,B25,把三个白色方块堆叠在一起，叠成三层高,left-measured-H5D1-20261007T075054Z-27aae930,25,left-90cd9f266276409db8326b52f1edd6f3,20;21;22;23;24,/Users/tangchao/Desktop/资料/P7/astra-e3-history-screen-20261007/astra_realman_harness/logs/e3-screen-32-20261007/B25-T2/prompt.txt,6e5f96a95f0946c240d246f0e3840a2c65f450fced20a8d796ca8e94c871d8bb,dd512b75675355970acd03f6fce058ca0ef56af590546b35a52ca08e9d6653a6,b1473cfbe9472c9bb89b2f1e01b418143c497d52562f78b6db865501b8181c09,/Users/tangchao/Desktop/资料/P7/astra-e3-history-screen-20261007/astra_realman_harness/logs/e3-source-20261007/images/e6a62e8f85f351bba2211eb1009573e2c07d50f627308c493b300b377e0df6eb.png;/Users/tangchao/Desktop/资料/P7/astra-e3-history-screen-20261007/astra_realman_harness/logs/e3-source-20261007/images/cbc6831460f42f451dca511056b00a5187a400a5e5b808e911e66794f8495a67.png;/Users/tangchao/Desktop/资料/P7/astra-e3-history-screen-20261007/astra_realman_harness/logs/e3-source-20261007/images/ef7d69858b39596f5626800d04ae649968098bf1c0315f6cfe18f79eee5a55f5.png,e6a62e8f85f351bba2211eb1009573e2c07d50f627308c493b300b377e0df6eb;cbc6831460f42f451dca511056b00a5187a400a5e5b808e911e66794f8495a67;ef7d69858b39596f5626800d04ae649968098bf1c0315f6cfe18f79eee5a55f5,24395,T2,T2,True,19513,39026,17862,,[24],1071,3721,0.02001495799049735,UTF-8 bytes including codec guide/dictionary; NOT tokens,True
