request_order,request_id,checkpoint,condition,input_bytes,actual_history_bytes,budget_bytes,fallback_reason,projection_latency_s,status,request_attempted,backend_latency_s,total_latency_s,input_tokens,cached_input_tokens,output_tokens,error
1,A06-T0,A06,T0,75544,69043,,,0.017076167045161128,NOT_RUN,False,,,,,,
2,A06-T1,A06,T1,45562,39061,,,0.01607941696420312,NOT_RUN,False,,,,,,
3,A06-T2,A06,T2,20392,13891,19530,,0.016847708029672503,NOT_RUN,False,,,,,,
4,A06-T3,A06,T3,20392,13891,19530,,0.027801666874438524,NOT_RUN,False,,,,,,
5,A12-T1,A12,T1,44745,38238,,,0.01592837506905198,NOT_RUN,False,,,,,,
6,A12-T2,A12,T2,20429,13922,19119,,0.017130999825894833,NOT_RUN,False,,,,,,
7,A12-T3,A12,T3,20429,13922,19119,,0.028000666992738843,NOT_RUN,False,,,,,,
8,A12-T0,A12,T0,75559,69052,,,0.016346291871741414,NOT_RUN,False,,,,,,
9,A28-T2,A28,T2,21060,14549,21130,,0.018467915942892432,NOT_RUN,False,,,,,,
10,A28-T3,A28,T3,21060,14549,21130,,0.03008395922370255,NOT_RUN,False,,,,,,
11,A28-T0,A28,T0,75269,68758,,,0.01730808289721608,NOT_RUN,False,,,,,,
12,A28-T1,A28,T1,48771,42260,,,0.016715541016310453,NOT_RUN,False,,,,,,
13,A36-T3,A36,T3,21477,14982,20051,,0.02888637501746416,NOT_RUN,False,,,,,,
14,A36-T0,A36,T0,75668,69173,,,0.018318374874070287,NOT_RUN,False,,,,,,
15,A36-T1,A36,T1,46598,40103,,,0.016288166167214513,NOT_RUN,False,,,,,,
16,A36-T2,A36,T2,21477,14982,20051,,0.01786341588012874,NOT_RUN,False,,,,,,
17,B06-T0,B06,T0,75653,69123,,,0.016976792132481933,NOT_RUN,False,,,,,,
18,B06-T1,B06,T1,46463,39933,,,0.01652750000357628,NOT_RUN,False,,,,,,
19,B06-T2,B06,T2,20486,13956,19966,,0.017286958871409297,NOT_RUN,False,,,,,,
20,B06-T3,B06,T3,20486,13956,19966,,0.028555791825056076,NOT_RUN,False,,,,,,
21,B12-T1,B12,T1,47571,41036,,,0.01673954096622765,NOT_RUN,False,,,,,,
22,B12-T2,B12,T2,22068,15533,20518,,0.01846295897848904,NOT_RUN,False,,,,,,
23,B12-T3,B12,T3,22068,15533,20518,,0.030638957861810923,NOT_RUN,False,,,,,,
24,B12-T0,B12,T0,76467,69932,,,0.0169063750654459,NOT_RUN,False,,,,,,
25,B22-T2,B22,T2,27437,20904,21200,,0.024347292026504874,NOT_RUN,False,,,,,,
26,B22-T3,B22,T3,27437,20904,21200,,0.03518112492747605,NOT_RUN,False,,,,,,
27,B22-T0,B22,T0,76716,70183,,,0.01731249992735684,NOT_RUN,False,,,,,,
28,B22-T1,B22,T1,48934,42401,,,0.016679250169545412,NOT_RUN,False,,,,,,
29,B25-T3,B25,T3,24395,17862,19513,,0.0325693329796195,NOT_RUN,False,,,,,,
30,B25-T0,B25,T0,75092,68559,,,0.016872792039066553,NOT_RUN,False,,,,,,
31,B25-T1,B25,T1,45559,39026,,,0.0163268749602139,NOT_RUN,False,,,,,,
32,B25-T2,B25,T2,24395,17862,19513,,0.02001495799049735,NOT_RUN,False,,,,,,
